Name,Mean,MeanLB,MeanUB,Stddev,StddevLB,StddevUB
Boolector/v-->v/V1/Chc/0/numPlain/0/Compression/0.0/VCore_Total/1/VCorePlain/0/VCoreVar/0/Variants/1,0.21185078588967016,0.2085451973969312,0.21570563219340674,1.3908943260157697e-2,1.129500467166927e-2,1.6383004775682646e-2
Boolector/v-->v/V2/Chc/0/numPlain/0/Compression/0.0/VCore_Total/1/VCorePlain/0/VCoreVar/0/Variants/1,0.3212651157167677,0.317712712580684,0.32671772914211705,1.704239669525169e-2,1.3604308931930827e-2,2.177016422676719e-2
